{"cameraMode":{"drawMode":0,"name":"Shaded","section":"Shading Mode"},"sceneLighting":true,"audioPlay":false,"sceneViewState":{"showFog":true,"showMaterialUpdate":false,"showSkybox":true,"showFlares":true,"showImageEffects":true,"showParticleSystems":true},"in2DMode":false,"pivot":{"x":5.324202060699463,"y":-29.025381088256837,"z":31.785158157348634},"rotation":{"x":0.3137913942337036,"y":0.010256726294755936,"z":-0.0033826828002929689,"w":0.9494456648826599},"size":82.53197479248047,"orthographic":false}